<wpml-config>
    <shortcodes>
        <shortcode>
            <tag>vcex_shortcode</tag>
        </shortcode>
        <shortcode>
            <tag>vcex_heading</tag>
            <attributes>
                <attribute encoding="allow_html_tags">text</attribute>
                <attribute type="link" encoding="av_link">link</attribute>
            </attributes>
        </shortcode>
        <shortcode>
            <tag>vcex_button</tag>
            <attributes>
                <attribute>url</attribute>
                <attribute>title</attribute>
            </attributes>
        </shortcode>
        <shortcode>
            <tag>vcex_leader</tag>
            <attributes>
                <attribute encoding="urlencode">leaders</attribute>
            </attributes>
        </shortcode>
         <shortcode>
            <tag>vcex_animated_text</tag>
            <attributes>
                <attribute encoding="urlencode">strings</attribute>
                <attribute>static_before</attribute>
                <attribute>static_after</attribute>
            </attributes>
        </shortcode>
        <shortcode>
            <tag>vcex_icon_box</tag>
            <attributes>
                <attribute>heading</attribute>
                <attribute>image</attribute>
                <attribute>url</attribute>
            </attributes>
        </shortcode>
        <shortcode>
            <tag>vcex_teaser</tag>
            <attributes>
                <attribute encoding="allow_html_tags">heading</attribute>
                <attribute>image</attribute>
            </attributes>
        </shortcode>
        <shortcode>
            <tag>vcex_feature_box</tag>
            <attributes>
                <attribute encoding="allow_html_tags">heading</attribute>
                <attribute>image</attribute>
                <attribute encoding="vc_link" type="link">heading_url</attribute>
                <attribute encoding="vc_link" type="link">image_url</attribute>
            </attributes>
        </shortcode>
        <shortcode>
            <tag>vcex_list_item</tag>
        </shortcode>
        <shortcode>
            <tag>vcex_bullets</tag>
        </shortcode>
        <shortcode>
            <tag>vcex_pricing</tag>
            <attributes>
                <attribute>plan</attribute>
                <attribute>cost</attribute>
                <attribute>per</attribute>
                <attribute>button_text</attribute>
            </attributes>
        </shortcode>
        <shortcode>
            <tag>vcex_skillbar</tag>
            <attributes>
                <attribute>title</attribute>
            </attributes>
        </shortcode>
        <shortcode>
            <tag>vcex_milestone</tag>
            <attributes>
                <attribute>caption</attribute>
                <attribute>before</attribute>
                <attribute>after</attribute>
                <attribute>separator</attribute>
            </attributes>
        </shortcode>
        <shortcode>
            <tag>vcex_countdown</tag>
            <attributes>
                <attribute>days</attribute>
                <attribute>hours</attribute>
                <attribute>minutes</attribute>
                <attribute>seconds</attribute>
            </attributes>
        </shortcode>
        <shortcode>
            <tag>vcex_navbar</tag>
            <attributes>
                <attribute>menu</attribute>
            </attributes>
        </shortcode>
        <shortcode>
            <tag>vcex_searchbar</tag>
            <attributes>
                <attribute>placeholder</attribute>
                <attribute>button_text</attribute>
            </attributes>
        </shortcode>
        <shortcode>
            <tag>vcex_login_form</tag>
            <attributes>
                <attribute>register_url</attribute>
                <attribute>label_username</attribute>
                <attribute>label_password</attribute>
                <attribute>label_remember</attribute>
                <attribute>lost_password_label</attribute>
                <attribute>register_label</attribute>
                <attribute>label_log_in</attribute>
                <attribute>redirect</attribute>
            </attributes>
        </shortcode>
        <shortcode>
            <tag>vcex_newsletter_form</tag>
            <attributes>
                <attribute>placeholder_text</attribute>
                <attribute>submit_text</attribute>
            </attributes>
        </shortcode>
        <shortcode>
            <tag>vcex_image</tag>
            <attributes>
                <attribute type="link" encoding="av_link">link</attribute>
                <attribute>image_id</attribute>
                <attribute>external_image</attribute>
                <attribute>custom_field_name</attribute>
                <attribute>alt_attr</attribute>
                <attribute>lightbox_caption</attribute>
                <attribute>overlay_button_text</attribute>
            </attributes>
        </shortcode>
        <shortcode>
            <tag>vcex_image_carousel</tag>
            <attributes>
                <attribute>overlay_button_text</attribute>
                <attribute>alt_attr</attribute>
                <attribute>custom_links</attribute>
            </attributes>
        </shortcode>
        <shortcode>
            <tag>vcex_image_grid</tag>
            <attributes>
                <attribute>custom_links</attribute>
            </attributes>
        </shortcode>
        <shortcode>
            <tag>vcex_image_flexslider</tag>
            <attributes>
                <attribute>custom_links</attribute>
            </attributes>
        </shortcode>
        <shortcode>
            <tag>vcex_image_galleryslider</tag>
            <attributes>
                <attribute>custom_links</attribute>
            </attributes>
        </shortcode>
        <shortcode>
            <tag>vcex_recent_news</tag>
            <attributes>
                <attribute>header</attribute>
                <attribute>read_more_text</attribute>
            </attributes>
        </shortcode>
        <shortcode>
            <tag>vcex_blog_grid</tag>
            <attributes>
                <attribute>all_text</attribute>
                <attribute>read_more_text</attribute>
                <attribute>overlay_button_text</attribute>
            </attributes>
        </shortcode>
        <shortcode>
            <tag>vcex_blog_carousel</tag>
            <attributes>
                <attribute>read_more_text</attribute>
                <attribute>overlay_button_text</attribute>
            </attributes>
        </shortcode>
        <shortcode>
            <tag>vcex_post_type_grid</tag>
            <attributes>
                <attribute>all_text</attribute>
                <attribute>read_more_text</attribute>
                <attribute>overlay_button_text</attribute>
            </attributes>
        </shortcode>
         <shortcode>
            <tag>vcex_post_type_carousel</tag>
            <attributes>
                <attribute>read_more_text</attribute>
                <attribute>overlay_button_text</attribute>
            </attributes>
        </shortcode>
        <shortcode>
            <tag>vcex_portfolio_grid</tag>
            <attributes>
                <attribute>all_text</attribute>
                <attribute>read_more_text</attribute>
                <attribute>overlay_button_text</attribute>
            </attributes>
        </shortcode>
        <shortcode>
            <tag>vcex_portfolio_carousel</tag>
            <attributes>
                <attribute>read_more_text</attribute>
                <attribute>overlay_button_text</attribute>
            </attributes>
        </shortcode>
        <shortcode>
            <tag>vcex_staff_grid</tag>
            <attributes>
                <attribute>all_text</attribute>
                <attribute>read_more_text</attribute>
                <attribute>overlay_button_text</attribute>
            </attributes>
        </shortcode>
        <shortcode>
            <tag>vcex_staff_carousel</tag>
            <attributes>
                <attribute>read_more_text</attribute>
                <attribute>overlay_button_text</attribute>
            </attributes>
        </shortcode>
        <shortcode>
            <tag>vcex_testimonials_grid</tag>
            <attributes>
                <attribute>all_text</attribute>
                <attribute>read_more_text</attribute>
            </attributes>
        </shortcode>
        <shortcode>
            <tag>vcex_testimonials_carousel</tag>
            <attributes>
                <attribute>read_more_text</attribute>
            </attributes>
        </shortcode>
        <shortcode>
            <tag>vcex_testimonials_slider</tag>
            <attributes>
                <attribute>read_more_text</attribute>
            </attributes>
        </shortcode>
        <shortcode>
            <tag>vcex_image_banner</tag>
            <attributes>
                <attribute>heading</attribute>
                <attribute>caption</attribute>
                <attribute>button_text</attribute>
                <attribute encoding="vc_link" type="link">link</attribute>
            </attributes>
        </shortcode>
        <shortcode>
            <tag>vcex_image_ba</tag>
            <attributes>
                <attribute>before_label</attribute>
                <attribute>after_label</attribute>
            </attributes>
        </shortcode>
        <shortcode>
            <tag>vcex_post_next_prev</tag>
            <attributes>
                <attribute>previous_link_custom_text</attribute>
                <attribute>next_link_custom_text</attribute>
            </attributes>
        </shortcode>
    </shortcodes>
</wpml-config>